tr_date,tr_time,upgb,downgb
2018/3/1,0:00:00,0.324709606170654,"3.56074358940125"
2018/3/1,1:00:00,0.0704739952087402,"1.15402641296387"
2018/3/1,2:00:00,0.0650634860992432,"0.571824083328247"
2018/3/1,3:00:00,0.0325634288787842,"0.435221385955811"
2018/3/1,4:00:00,0.0305868530273438,"0.0999654769897461"
2018/3/1,5:00:00,0.0283919429779053,"0.0973784255981445"
2018/3/1,6:00:00,0.0516657257080078,"0.696863412857056"
2018/3/1,7:00:00,0.0937561130523682,"1.2189693069458"
2018/3/1,8:00:00,0.213867530822754,"1.50488575935364"
2018/3/1,9:00:00,0.449391355514526,"1.92493979454041"
2018/3/1,10:00:00,0.307692241668701,"2.20262979507446"
2018/3/1,11:00:00,0.441810169219971,"3.11756741523743"
2018/3/1,12:00:00,0.353366556167603,"3.29013913154602"
2018/3/1,13:00:00,0.285311126708984,"2.57583010673523"
2018/3/1,14:00:00,0.294935541152954,"1.3275597858429"
2018/3/1,15:00:00,0.237397041320801,"1.85508305549622"
2018/3/1,16:00:00,0.337923631668091,"2.00722318649292"
2018/3/1,17:00:00,0.295853357315063,"3.13712131500244"
2018/3/1,18:00:00,0.346025323867798,"3.24237713813782"
2018/3/1,19:00:00,0.424597368240356,"4.76431985855103"
2018/3/1,20:00:00,0.672341175079346,"4.56536047935486"
2018/3/1,21:00:00,0.530762977600098,"4.454750623703"
2018/3/1,22:00:00,0.699544668197632,"5.93180097579956"
2018/3/1,23:00:00,0.421861915588379,"4.03711409568787"
2018/3/2,0:00:00,0.201437005996704,"2.31133175849915"
2018/3/2,1:00:00,0.136873588562012,"1.88468332290649"
2018/3/2,2:00:00,0.0418493556976318,"0.594894905090332"
2018/3/2,3:00:00,0.0289022636413574,"1.0099379825592"
2018/3/2,4:00:00,0.0203945541381836,"0.718537912368774"
2018/3/2,5:00:00,0.024602222442627,"0.722892599105835"
2018/3/2,6:00:00,0.0633611297607422,"1.3358008480072"
2018/3/2,7:00:00,0.158448972702026,"1.53019131660461"
2018/3/2,8:00:00,0.437937488555908,"2.54234241485596"
2018/3/2,9:00:00,0.382683963775635,"2.41391784667969"
2018/3/2,10:00:00,0.323238086700439,"3.27383297920227"
2018/3/2,11:00:00,0.320326137542725,"3.10559290885925"
2018/3/2,12:00:00,0.302562437057495,"2.71442503929138"
2018/3/2,13:00:00,0.265449132919312,"2.37301705360413"
2018/3/2,14:00:00,0.293311576843262,"2.91680930137634"
2018/3/2,15:00:00,0.299564847946167,"3.49269642829895"
2018/3/2,16:00:00,0.294919452667236,"3.36848679542542"
2018/3/2,17:00:00,0.283033142089844,"3.12922803878784"
2018/3/2,18:00:00,0.298808221817017,"4.54561429977417"
2018/3/2,19:00:00,0.386034650802612,"4.30715990066528"
2018/3/2,20:00:00,0.47970796585083,"4.41825665473938"
2018/3/2,21:00:00,0.631691665649414,"3.38791179656982"
2018/3/2,22:00:00,0.572797918319702,"3.59366199493408"
2018/3/2,23:00:00,0.381793842315674,"2.62667227745056"
2018/3/3,0:00:00,0.287689380645752,"3.89440225601196"
2018/3/3,1:00:00,0.105532064437866,"1.32794751167297"
2018/3/3,2:00:00,0.040666561126709,"0.932291612625122"
2018/3/3,3:00:00,0.0355879497528076,"0.771292009353638"
2018/3/3,4:00:00,0.0265412425994873,"0.645602216720581"
2018/3/3,5:00:00,0.0265366268157959,"0.537762546539307"
2018/3/3,6:00:00,0.0755388927459717,"0.362041702270508"
2018/3/3,7:00:00,0.159150171279907,"1.88520952224731"
2018/3/3,8:00:00,0.175453844070435,"1.4377793598175"
2018/3/3,9:00:00,0.304131059646606,"3.69088214874268"
2018/3/3,10:00:00,0.49922173500061,"3.78785404205322"
2018/3/3,11:00:00,0.391801662445068,"3.82247663497925"
2018/3/3,12:00:00,0.353082704544067,"3.13276164054871"
2018/3/3,13:00:00,0.490970067977905,"3.4346648979187"
2018/3/3,14:00:00,0.388790674209595,"2.93946196556091"
2018/3/3,15:00:00,0.342192935943604,"3.92529479980469"
2018/3/3,16:00:00,0.363937187194824,"6.58081988334656"
2018/3/3,17:00:00,0.510899219512939,"5.05838561058044"
2018/3/3,18:00:00,0.279687309265137,"2.65622966766357"
2018/3/3,19:00:00,0.331967315673828,"4.64298523902893"
2018/3/3,20:00:00,0.454042263031006,"5.18681903839111"
2018/3/3,21:00:00,0.362139978408813,"4.02624435424805"
2018/3/3,22:00:00,0.470719966888428,"3.44355267524719"
2018/3/3,23:00:00,0.325106410980225,"4.79920571327209"
2018/3/4,0:00:00,0.197377166748047,"2.91459899902344"
2018/3/4,1:00:00,0.193267059326172,"1.0818892288208"
2018/3/4,2:00:00,0.0612038993835449,"2.07296540260315"
2018/3/4,3:00:00,0.0399432563781738,"0.577990655899048"
2018/3/4,4:00:00,0.0336085414886475,"0.068910436630249"
2018/3/4,5:00:00,0.0291150379180908,"0.199925260543823"
2018/3/4,6:00:00,0.0412265300750732,"0.360702724456787"
2018/3/4,7:00:00,0.0868455982208252,"1.01941200256348"
2018/3/4,8:00:00,0.226665105819702,"2.39618500709534"
2018/3/4,9:00:00,0.379150266647339,"3.07397125244141"
2018/3/4,10:00:00,0.503649463653564,"4.31759437561035"
2018/3/4,11:00:00,0.474975004196167,"3.71095213890076"
2018/3/4,12:00:00,0.458744115829468,"3.31910332679749"
2018/3/4,13:00:00,0.457112007141113,"3.5970467376709"
2018/3/4,14:00:00,0.473790807723999,"2.88885952949524"
2018/3/4,15:00:00,0.394725465774536,"2.84109586715698"
2018/3/4,16:00:00,0.423182678222656,"3.7074765586853"
2018/3/4,17:00:00,0.44634711265564,"2.75505579948425"
2018/3/4,18:00:00,0.238183431625366,"2.61441160202026"
2018/3/4,19:00:00,0.434662809371948,"3.55365135192871"
2018/3/4,20:00:00,0.651519813537598,"5.35703572273254"
2018/3/4,21:00:00,0.772798700332642,"4.88440909385681"
2018/3/4,22:00:00,0.499769773483276,"4.43760889053345"
2018/3/4,23:00:00,0.333778409957886,"3.99115530967712"
2018/3/5,0:00:00,0.166188659667969,"2.12217846870422"
2018/3/5,1:00:00,0.039631986618042,"0.40381983757019"
2018/3/5,2:00:00,0.0652091598510742,"0.29976734161377"
2018/3/5,3:00:00,0.0692055892944336,"0.0926581287384033"
2018/3/5,4:00:00,0.0295211219787598,"0.157913522720337"
2018/3/5,5:00:00,0.0463009548187256,"0.417491760253906"
2018/3/5,6:00:00,0.0770255947113037,"1.40602562904358"
2018/3/5,7:00:00,0.153017549514771,"1.73707818031311"
2018/3/5,8:00:00,0.267626333236694,"1.95508605957031"
2018/3/5,9:00:00,0.289733982086182,"3.29794927597046"
2018/3/5,10:00:00,0.360611705780029,"2.54236402511597"
2018/3/5,11:00:00,0.294580717086792,"2.71492831230164"
2018/3/5,12:00:00,0.218008165359497,"1.82458765983582"
2018/3/5,13:00:00,0.329831790924072,"2.49252579689026"
2018/3/5,14:00:00,0.332138242721558,"2.70410223960876"
2018/3/5,15:00:00,0.271643886566162,"3.40225040435791"
2018/3/5,16:00:00,0.230965948104858,"3.8686997127533"
2018/3/5,17:00:00,0.370889167785645,"3.04416068077087"
2018/3/5,18:00:00,0.299887733459473,"4.28665671348572"
2018/3/5,19:00:00,0.306269626617432,"4.91302352905273"
2018/3/5,20:00:00,0.587123346328735,"5.48022451400757"
2018/3/5,21:00:00,0.693780088424683,"5.50331067085266"
2018/3/5,22:00:00,0.429554004669189,"4.59275426864624"
2018/3/5,23:00:00,0.232690668106079,"3.64313327789307"
2018/3/6,0:00:00,0.167877931594849,"2.22067888259888"
2018/3/6,1:00:00,0.0448860454559326,"0.403479433059692"
2018/3/6,2:00:00,0.0456193161010742,"0.40246301651001"
2018/3/6,3:00:00,0.0422209930419922,"1.85210693359375"
2018/3/6,4:00:00,0.0284340667724609,"1.00845482826233"
2018/3/6,5:00:00,0.0346796417236328,"0.911933526992798"
2018/3/6,6:00:00,0.079730110168457,"0.565211400985718"
2018/3/6,7:00:00,0.17429051399231,"1.28615018844604"
2018/3/6,8:00:00,0.178934183120728,"1.74829676628113"
2018/3/6,9:00:00,0.29738299369812,"3.04551153182983"
2018/3/6,10:00:00,0.45605092048645,"3.92847856521606"
2018/3/6,11:00:00,0.47466775894165,"3.44287999153137"
2018/3/6,12:00:00,0.342273559570313,"2.9198906993866"
2018/3/6,13:00:00,0.274423723220825,"2.47752191543579"
2018/3/6,14:00:00,0.317938842773438,"2.81108443260193"
2018/3/6,15:00:00,0.284968976974487,"3.13973215103149"
2018/3/6,16:00:00,0.411688709259033,"3.2695343208313"
2018/3/6,17:00:00,0.409027271270752,"2.71337634086609"
2018/3/6,18:00:00,0.401738414764404,"3.96688316345215"
2018/3/6,19:00:00,0.560869922637939,"6.15983016967773"
2018/3/6,20:00:00,0.805422163009644,"5.3663023853302"
2018/3/6,21:00:00,0.935066146850586,"8.53059766769409"
2018/3/6,22:00:00,0.744434909820557,"7.76014307022095"
2018/3/6,23:00:00,0.55201699256897,"5.41346972465515"
2018/3/7,0:00:00,0.258202829360962,"4.32132031440735"
2018/3/7,1:00:00,0.110938968658447,"2.80551940917969"
2018/3/7,2:00:00,0.027469654083252,"0.618904523849487"
2018/3/7,3:00:00,0.0308311653137207,"0.404413690567017"
2018/3/7,4:00:00,0.0333835124969482,"0.487943572998047"
2018/3/7,5:00:00,0.047688684463501,"0.850430746078491"
2018/3/7,6:00:00,0.0935304260253906,"1.580284948349"
2018/3/7,7:00:00,0.21788743019104,"2.65702785491943"
2018/3/7,8:00:00,0.325628423690796,"2.87649786949158"
2018/3/7,9:00:00,0.365523223876953,"3.58519752502441"
2018/3/7,10:00:00,0.350161952972412,"3.32227188110352"
2018/3/7,11:00:00,0.457932786941528,"3.08663159370422"
2018/3/7,12:00:00,0.536401929855347,"4.77886444091797"
2018/3/7,13:00:00,0.347349739074707,"4.96908460617065"
2018/3/7,14:00:00,0.33649489402771,"3.61942852973938"
2018/3/7,15:00:00,0.484596347808838,"3.73573891639709"
2018/3/7,16:00:00,0.50563624382019,"4.39458097457886"
2018/3/7,17:00:00,0.430754928588867,"3.29559820175171"
2018/3/7,18:00:00,0.348716135025024,"2.73876976013184"
2018/3/7,19:00:00,0.700923480987549,"3.66660318374634"
2018/3/7,20:00:00,0.773361730575562,"6.65999402999878"
2018/3/7,21:00:00,0.685032091140747,"6.71328012466431"
2018/3/7,22:00:00,0.695088796615601,"7.58782752037048"
2018/3/7,23:00:00,0.632257375717163,"6.27434468269348"
2018/3/8,0:00:00,0.296005220413208,"6.71183602333069"
2018/3/8,1:00:00,0.117556705474854,"2.98543840408325"
2018/3/8,2:00:00,0.0455223655700684,"0.45725302696228"
2018/3/8,3:00:00,0.0346737194061279,"0.161770620346069"
2018/3/8,4:00:00,0.0378881072998047,"0.329546337127686"
2018/3/8,5:00:00,0.0515634822845459,"0.309109334945679"
2018/3/8,6:00:00,0.216673345565796,"1.20304159164429"
2018/3/8,7:00:00,0.349656286239624,"1.75476181030273"
2018/3/8,8:00:00,0.52757212638855,"2.88639110565186"
2018/3/8,9:00:00,0.394352073669434,"3.47734936714172"
2018/3/8,10:00:00,0.452698097229004,"3.24205189704895"
2018/3/8,11:00:00,0.372490320205688,"2.43758129119873"
2018/3/8,12:00:00,0.722206983566284,"4.38711185455322"
2018/3/8,13:00:00,0.434931774139404,"2.43550645828247"
2018/3/8,14:00:00,0.423784561157227,"3.14520792007446"
2018/3/8,15:00:00,0.497020778656006,"3.75057844161987"
2018/3/8,16:00:00,0.359866456985474,"2.73595329284668"
2018/3/8,17:00:00,0.278262357711792,"2.55062829017639"
2018/3/8,18:00:00,0.321473026275635,"3.2520156288147"
2018/3/8,19:00:00,0.727733087539673,"4.39662707328796"
2018/3/8,20:00:00,0.722214231491089,"5.45845952033997"
2018/3/8,21:00:00,0.85409083366394,"6.05156936645508"
2018/3/8,22:00:00,1.01102095603943,"6.8439350605011"
2018/3/8,23:00:00,0.815943460464478,"9.80930576324463"
2018/3/9,0:00:00,0.277082509994507,"3.33441843032837"
2018/3/9,1:00:00,0.150178546905518,"1.59092306137085"
2018/3/9,2:00:00,0.0981395244598389,"0.977323455810547"
2018/3/9,3:00:00,0.0865261459350586,"1.09225210189819"
2018/3/9,4:00:00,0.0572172832489014,"0.44011791229248"
2018/3/9,5:00:00,0.0759278297424316,"0.700188140869141"
2018/3/9,6:00:00,0.187809085845947,"1.15416562080383"
2018/3/9,7:00:00,0.356993417739868,"2.15920998573303"
2018/3/9,8:00:00,0.454956302642822,"3.11419454574585"
2018/3/9,9:00:00,0.510057487487793,"3.190072889328"
2018/3/9,10:00:00,0.464292240142822,"3.31223148345947"
2018/3/9,11:00:00,0.462988395690918,"3.54594128608704"
2018/3/9,12:00:00,0.347254085540771,"3.0165594959259"
2018/3/9,13:00:00,0.301789636611938,"4.52878182411194"
2018/3/9,14:00:00,0.474984111785889,"2.80593742370605"
2018/3/9,15:00:00,0.513417253494263,"3.86604386329651"
2018/3/9,16:00:00,0.460229396820068,"4.10673791885376"
2018/3/9,17:00:00,0.415168037414551,"3.27510153770447"
2018/3/9,18:00:00,0.419385375976563,"4.81361211776733"
2018/3/9,19:00:00,0.603109340667725,"5.76177382469177"
2018/3/9,20:00:00,0.784383792877197,"7.55116380691528"
2018/3/9,21:00:00,0.902210760116577,"7.54818635940552"
2018/3/9,22:00:00,0.771081142425537,"8.2808852481842"
2018/3/9,23:00:00,0.709841213226318,"5.84150855064392"
2018/3/10,0:00:00,0.365372676849365,"4.87392295837402"
2018/3/10,1:00:00,0.209140682220459,"3.42163311004639"
2018/3/10,2:00:00,0.0928007316589355,"1.53885918617249"
2018/3/10,3:00:00,0.0459355545043945,"0.4028444480896"
2018/3/10,4:00:00,0.0413375282287598,"0.313421211242676"
2018/3/10,5:00:00,0.0543802165985107,"1.25296877861023"
2018/3/10,6:00:00,0.116581935882568,"1.11457293510437"
2018/3/10,7:00:00,0.248395166397095,"2.40607712745667"
2018/3/10,8:00:00,0.30273024559021,"3.01687526702881"
2018/3/10,9:00:00,0.603692150115967,"4.49453845024109"
2018/3/10,10:00:00,0.546614074707031,"4.45567066192627"
2018/3/10,11:00:00,0.417053995132446,"3.96224598884583"
2018/3/10,12:00:00,0.531599473953247,"5.68108174324036"
2018/3/10,13:00:00,0.51231369972229,"7.37600939750671"
2018/3/10,14:00:00,0.5388525390625,"5.9725214099884"
2018/3/10,15:00:00,0.587022657394409,"5.54036199569702"
2018/3/10,16:00:00,0.69636866569519,"4.73949932098389"
2018/3/10,17:00:00,0.4922682762146,"4.42655427932739"
2018/3/10,18:00:00,0.670295162200928,"5.96002848625183"
2018/3/10,19:00:00,0.864376659393311,"4.67686721801758"
2018/3/10,20:00:00,0.770327453613281,"4.98118811607361"
2018/3/10,21:00:00,0.616189975738525,"5.77277276039124"
2018/3/10,22:00:00,0.600583009719849,"7.0393473815918"
2018/3/10,23:00:00,0.598722162246704,"7.05802641868591"
2018/3/11,0:00:00,0.291119604110718,"5.28299779891968"
2018/3/11,1:00:00,0.220534067153931,"3.24477705001831"
2018/3/11,2:00:00,0.0651999378204346,"0.788624591827393"
2018/3/11,3:00:00,0.0380230808258057,"0.249646692276001"
2018/3/11,4:00:00,0.0459322547912598,"0.764019422531128"
2018/3/11,5:00:00,0.0520477390289307,"0.31240948677063"
2018/3/11,6:00:00,0.0963817024230957,"1.25563221931458"
2018/3/11,7:00:00,0.282639484405518,"3.01750331878662"
2018/3/11,8:00:00,0.330105066299438,"3.9728830909729"
2018/3/11,9:00:00,0.429253587722778,"5.00968696594238"
2018/3/11,10:00:00,0.475274362564087,"5.01884755134583"
2018/3/11,11:00:00,0.520650320053101,"5.36645086288452"
2018/3/11,12:00:00,0.631675882339478,"8.17641628265381"
2018/3/11,13:00:00,0.389868116378784,"4.82292365074158"
2018/3/11,14:00:00,0.488315019607544,"4.96637191772461"
2018/3/11,15:00:00,0.46802209854126,"5.35150483131409"
2018/3/11,16:00:00,0.44911171913147,"5.19656007766724"
2018/3/11,17:00:00,0.537211885452271,"6.24138757705688"
2018/3/11,18:00:00,0.433960161209106,"4.6026194858551"
2018/3/11,19:00:00,0.480869779586792,"5.6407958984375"
2018/3/11,20:00:00,0.69455587387085,"6.56460805892944"
2018/3/11,21:00:00,0.785753087997437,"8.16078078269958"
2018/3/11,22:00:00,0.862711696624756,"6.00127707481384"
2018/3/11,23:00:00,0.548623628616333,"4.7390843963623"
2018/3/12,0:00:00,0.233008785247803,"3.4164356136322"
2018/3/12,1:00:00,0.130292043685913,"2.47417984962463"
2018/3/12,2:00:00,0.0994336700439453,"0.647184152603149"
2018/3/12,3:00:00,0.0711440277099609,"0.836724720001221"
2018/3/12,4:00:00,0.0552487850189209,"0.470859956741333"
2018/3/12,5:00:00,0.0771370220184326,"0.404333562850952"
2018/3/12,6:00:00,0.0870469379425049,"0.75196873664856"
2018/3/12,7:00:00,0.236966924667358,"3.27225343704224"
2018/3/12,8:00:00,0.287843990325928,"4.5635026550293"
2018/3/12,9:00:00,0.342138948440552,"3.05159525871277"
2018/3/12,10:00:00,0.512052183151245,"3.1953705406189"
2018/3/12,11:00:00,0.382347927093506,"3.75184722900391"
2018/3/12,12:00:00,0.650102367401123,"4.12325959205627"
2018/3/12,13:00:00,0.526152172088623,"3.49989087104797"
2018/3/12,14:00:00,0.405974464416504,"3.57461173057556"
2018/3/12,15:00:00,0.458437490463257,"4.15393743515015"
2018/3/12,16:00:00,0.439986410140991,"3.39666289329529"
2018/3/12,17:00:00,0.484719381332397,"3.28832502365112"
2018/3/12,18:00:00,0.408709650039673,"2.77469869613647"
2018/3/12,19:00:00,0.674716787338257,"5.00997100830078"
2018/3/12,20:00:00,0.629403762817383,"6.10775737762451"
2018/3/12,21:00:00,0.882640495300293,"7.2098903465271"
2018/3/12,22:00:00,0.899509840011597,"7.70557950973511"
2018/3/12,23:00:00,0.742258424758911,"7.13431507110596"
2018/3/13,0:00:00,0.461653232574463,"4.41694273948669"
2018/3/13,1:00:00,0.217247142791748,"1.55546346664429"
2018/3/13,2:00:00,0.133209543228149,"1.74960487365723"
2018/3/13,3:00:00,0.059377269744873,"0.56145881652832"
2018/3/13,4:00:00,0.081937313079834,"0.450975637435913"
2018/3/13,5:00:00,0.0930936145782471,"0.376992301940918"
2018/3/13,6:00:00,0.13477466583252,"1.46918501853943"
2018/3/13,7:00:00,0.313122291564941,"2.81923761367798"
2018/3/13,8:00:00,0.35355920791626,"4.12806028366089"
2018/3/13,9:00:00,0.304176988601685,"3.40844799995422"
2018/3/13,10:00:00,0.363999576568604,"2.58498306274414"
2018/3/13,11:00:00,0.34812744140625,"3.05360209465027"
2018/3/13,12:00:00,0.443587884902954,"3.47905860900879"
2018/3/13,13:00:00,0.337845525741577,"2.83870122909546"
2018/3/13,14:00:00,0.435113525390625,"3.30668657302856"
2018/3/13,15:00:00,0.482908058166504,"3.70354856491089"
2018/3/13,16:00:00,0.428516216278076,"4.21279598236084"
2018/3/13,17:00:00,0.367292175292969,"3.47861617088318"
2018/3/13,18:00:00,0.369622821807861,"3.69758244514465"
2018/3/13,19:00:00,0.591365976333618,"4.54346661567688"
2018/3/13,20:00:00,0.56481614112854,"4.77420938491821"
2018/3/13,21:00:00,0.972666492462158,"6.87416909217834"
2018/3/13,22:00:00,0.749080085754395,"8.83595058441162"
2018/3/13,23:00:00,0.618424139022827,"6.28958937644958"
2018/3/14,0:00:00,0.442273893356323,"4.10645446777344"
2018/3/14,1:00:00,0.246496992111206,"2.28819321632385"
2018/3/14,2:00:00,0.113052091598511,"1.9809112739563"
2018/3/14,3:00:00,0.0985215377807617,"0.937147016525269"
2018/3/14,4:00:00,0.0763238906860352,"0.788633222579956"
2018/3/14,5:00:00,0.0755760383605957,"0.392181634902954"
2018/3/14,6:00:00,0.25681921005249,"1.6095391368866"
2018/3/14,7:00:00,0.377489824295044,"2.43216605186462"
2018/3/14,8:00:00,0.440238351821899,"2.9277830696106"
2018/3/14,9:00:00,0.608796768188477,"2.87670016288757"
2018/3/14,10:00:00,0.523817863464355,"1.91808980941772"
2018/3/14,11:00:00,0.598444671630859,"2.60956848144531"
2018/3/14,12:00:00,0.517596635818481,"2.8377939414978"
2018/3/14,13:00:00,0.356500196456909,"2.47765113830566"
2018/3/14,14:00:00,0.538601541519165,"2.18522776603699"
2018/3/14,15:00:00,0.425762557983398,"2.91124440193176"
2018/3/14,16:00:00,0.387142486572266,"3.04077456474304"
2018/3/14,17:00:00,0.367582559585571,"3.9796640586853"
2018/3/14,18:00:00,0.39861515045166,"1.95968291282654"
2018/3/14,19:00:00,0.679934959411621,"3.59484899520874"
2018/3/14,20:00:00,0.927747640609741,"5.06995432853699"
2018/3/14,21:00:00,0.927725706100464,"7.52073028564453"
2018/3/14,22:00:00,0.839476356506348,"8.40749025344849"
2018/3/14,23:00:00,0.584301767349243,"7.8132670211792"
2018/3/15,0:00:00,0.463037939071655,"3.98777621269226"
2018/3/15,1:00:00,0.222169895172119,"2.78362531661987"
2018/3/15,2:00:00,0.179667167663574,"1.09277395248413"
2018/3/15,3:00:00,0.102049293518066,"0.538319988250732"
2018/3/15,4:00:00,0.0404753398895264,"0.154364013671875"
2018/3/15,5:00:00,0.0427712345123291,"0.421653203964233"
2018/3/15,6:00:00,0.101184778213501,"1.24926951408386"
2018/3/15,7:00:00,0.356868104934692,"2.67683822631836"
2018/3/15,8:00:00,0.37087836265564,"3.83470294952393"
2018/3/15,9:00:00,0.403869705200195,"3.34449727058411"
2018/3/15,10:00:00,0.287892961502075,"2.39150270462036"
2018/3/15,11:00:00,0.360164098739624,"2.19729764938354"
2018/3/15,12:00:00,0.356362495422363,"2.58422213554382"
2018/3/15,13:00:00,0.357371587753296,"2.46668065071106"
2018/3/15,14:00:00,0.525538911819458,"2.99489981651306"
2018/3/15,15:00:00,0.437589530944824,"4.44134368896484"
2018/3/15,16:00:00,0.437819852828979,"2.77485301017761"
2018/3/15,17:00:00,0.344194202423096,"2.35304154396057"
2018/3/15,18:00:00,0.37595272064209,"2.89902369499207"
2018/3/15,19:00:00,0.594082469940186,"6.46163887023926"
2018/3/15,20:00:00,0.781241073608398,"7.92355259895325"
2018/3/15,21:00:00,0.708265981674194,"7.85034195899963"
2018/3/15,22:00:00,0.932623271942139,"7.68720882415771"
2018/3/15,23:00:00,0.726642189025879,"7.43276338577271"
2018/3/16,0:00:00,0.36724066734314,"5.87188722610474"
2018/3/16,1:00:00,0.159051561355591,"3.50325610160828"
2018/3/16,2:00:00,0.0607304573059082,"1.05528169631958"
2018/3/16,3:00:00,0.0608949375152588,"0.974703702926636"
2018/3/16,4:00:00,0.0412529563903809,"0.5279638671875"
2018/3/16,5:00:00,0.0851882362365723,"0.373104381561279"
2018/3/16,6:00:00,0.104950475692749,"1.012916431427"
2018/3/16,7:00:00,0.406868801116943,"2.16064484596252"
2018/3/16,8:00:00,0.530092153549194,"3.29133664131165"
2018/3/16,9:00:00,0.338903369903564,"2.94698482513428"
2018/3/16,10:00:00,0.637890481948853,"3.43480453491211"
2018/3/16,11:00:00,0.364545984268188,"3.14722346305847"
2018/3/16,12:00:00,0.387541246414185,"4.07206830978394"
2018/3/16,13:00:00,0.344926805496216,"3.31835083961487"
2018/3/16,14:00:00,0.455528717041016,"3.25162503242493"
2018/3/16,15:00:00,0.534503841400146,"3.72434885025024"
2018/3/16,16:00:00,0.479248895645142,"3.03713484764099"
2018/3/16,17:00:00,0.429979095458984,"4.65388530731201"
2018/3/16,18:00:00,0.689291658401489,"2.48713500022888"
2018/3/16,19:00:00,0.411904401779175,"5.69731864929199"
2018/3/16,20:00:00,0.715700082778931,"6.09811692237854"
2018/3/16,21:00:00,0.902184972763062,"7.25520000457764"
2018/3/16,22:00:00,0.850502138137817,"7.81648008346558"
2018/3/16,23:00:00,0.673983392715454,"8.18422861099243"
2018/3/17,0:00:00,0.366123609542847,"4.66024137496948"
2018/3/17,1:00:00,0.19080527305603,"1.78118003845215"
2018/3/17,2:00:00,0.138428087234497,"1.32728491783142"
2018/3/17,3:00:00,0.0736219310760498,"0.503389825820923"
2018/3/17,4:00:00,0.0767498111724854,"0.406712579727173"
2018/3/17,5:00:00,0.0648152160644531,"0.859244441986084"
2018/3/17,6:00:00,0.147320041656494,"1.70888163566589"
2018/3/17,7:00:00,0.220209627151489,"2.88298913002014"
2018/3/17,8:00:00,0.476329145431519,"3.27857875823975"
2018/3/17,9:00:00,0.974476108551025,"5.82176926612854"
2018/3/17,10:00:00,0.706633901596069,"6.52905647277832"
2018/3/17,11:00:00,0.600505647659302,"6.39476606369019"
2018/3/17,12:00:00,0.589382219314575,"6.29022378921509"
2018/3/17,13:00:00,0.532124137878418,"8.08687616348267"
2018/3/17,14:00:00,0.563381414413452,"5.88346573829651"
2018/3/17,15:00:00,0.483776502609253,"4.92241948127747"
2018/3/17,16:00:00,0.757197723388672,"5.796687707901"
2018/3/17,17:00:00,0.488158721923828,"5.19075028419495"
2018/3/17,18:00:00,0.45996374130249,"5.82327446937561"
2018/3/17,19:00:00,0.672764940261841,"6.21901524543762"
2018/3/17,20:00:00,0.562782669067383,"7.55169651985168"
2018/3/17,21:00:00,0.734045419692993,"8.76212413787842"
2018/3/17,22:00:00,0.713267393112183,"9.74618355751038"
2018/3/17,23:00:00,0.478078145980835,"5.84865620613098"
2018/3/18,0:00:00,0.487424297332764,"4.95234639167786"
2018/3/18,1:00:00,0.232066593170166,"2.84560201644897"
2018/3/18,2:00:00,0.0770522594451904,"0.966516208648682"
2018/3/18,3:00:00,0.0679850578308105,"0.681838903427124"
2018/3/18,4:00:00,0.0360174751281738,"0.469961805343628"
2018/3/18,5:00:00,0.044844388961792,"0.32794171333313"
2018/3/18,6:00:00,0.113220453262329,"1.84165088653564"
2018/3/18,7:00:00,0.233389301300049,"3.61355615615845"
2018/3/18,8:00:00,0.548134775161743,"5.40123756408691"
2018/3/18,9:00:00,0.590694427490234,"5.07140659332275"
2018/3/18,10:00:00,0.556327362060547,"4.37225836753845"
2018/3/18,11:00:00,0.621381130218506,"4.52634298324585"
2018/3/18,12:00:00,0.510017166137695,"5.51423079490662"
2018/3/18,13:00:00,0.504578638076782,"5.52856914520264"
2018/3/18,14:00:00,0.504834575653076,"4.40372464179993"
2018/3/18,15:00:00,0.601803417205811,"5.4181264591217"
2018/3/18,16:00:00,0.732293376922607,"5.47164263725281"
2018/3/18,17:00:00,0.510757780075073,"5.40765950202942"
2018/3/18,18:00:00,0.529716444015503,"5.3052029800415"
2018/3/18,19:00:00,0.575070371627808,"4.24400052070618"
2018/3/18,20:00:00,0.5791872215271,"6.98126977920532"
2018/3/18,21:00:00,0.642642393112183,"6.53781554222107"
2018/3/18,22:00:00,0.619089336395264,"8.38376809120178"
2018/3/18,23:00:00,0.53506196975708,"6.74587560653687"
2018/3/19,0:00:00,0.508475875854492,"4.8654626750946"
2018/3/19,1:00:00,0.153096990585327,"2.46498896598816"
2018/3/19,2:00:00,0.0732686328887939,"0.92294153213501"
2018/3/19,3:00:00,0.0474599075317383,"0.540163354873657"
2018/3/19,4:00:00,0.0481448650360107,"0.446257839202881"
2018/3/19,5:00:00,0.057694091796875,"0.570595245361328"
2018/3/19,6:00:00,0.168839454650879,"1.2624146938324"
2018/3/19,7:00:00,0.351681547164917,"2.79852278709412"
2018/3/19,8:00:00,0.359418973922729,"3.00025661468506"
2018/3/19,9:00:00,0.39821533203125,"2.40102631568909"
2018/3/19,10:00:00,0.417475643157959,"2.49621329307556"
2018/3/19,11:00:00,0.431723394393921,"2.82378792762756"
2018/3/19,12:00:00,0.362434759140015,"3.92310745239258"
2018/3/19,13:00:00,0.296007947921753,"3.86307761192322"
2018/3/19,14:00:00,0.506707725524902,"2.59362085342407"
2018/3/19,15:00:00,0.327161130905151,"2.8051215839386"
2018/3/19,16:00:00,0.395513610839844,"2.60153649330139"
2018/3/19,17:00:00,0.448331880569458,"5.10790596008301"
2018/3/19,18:00:00,0.61767240524292,"3.42947430610657"
2018/3/19,19:00:00,0.446677484512329,"3.81558127403259"
2018/3/19,20:00:00,0.845719385147095,"5.64761183738708"
2018/3/19,21:00:00,1.03233793258667,"8.18918732643127"
2018/3/19,22:00:00,0.89305154800415,"7.02782655715942"
2018/3/19,23:00:00,0.628862838745117,"5.80767174720764"
2018/3/20,0:00:00,0.34756591796875,"5.51210796356201"
2018/3/20,1:00:00,0.136973743438721,"2.14504934310913"
2018/3/20,2:00:00,0.0701173305511475,"0.823002767562866"
2018/3/20,3:00:00,0.0891272640228271,"0.308103094100952"
2018/3/20,4:00:00,0.0325089645385742,"0.161111764907837"
2018/3/20,5:00:00,0.0639376735687256,"0.498147859573364"
2018/3/20,6:00:00,0.117818374633789,"1.64762586593628"
2018/3/20,7:00:00,0.312211332321167,"2.53662398338318"
2018/3/20,8:00:00,0.252026567459106,"2.75817559242249"
2018/3/20,9:00:00,0.375226011276245,"3.71283906936646"
2018/3/20,10:00:00,0.420251903533936,"3.87114188194275"
2018/3/20,11:00:00,0.361270589828491,"3.80319296836853"
2018/3/20,12:00:00,0.513129796981812,"3.90428915977478"
2018/3/20,13:00:00,0.410233373641968,"2.47464890480042"
2018/3/20,14:00:00,0.40320930480957,"2.34945011138916"
2018/3/20,15:00:00,0.450686197280884,"2.88715467453003"
2018/3/20,16:00:00,0.326903858184814,"2.71006708145142"
2018/3/20,17:00:00,0.306235494613647,"3.14018667221069"
2018/3/20,18:00:00,0.369588375091553,"4.76661949157715"
2018/3/20,19:00:00,0.646602182388306,"5.64614543914795"
2018/3/20,20:00:00,0.853182067871094,"8.01698393821716"
2018/3/20,21:00:00,0.740077304840088,"8.26755518913269"
2018/3/20,22:00:00,0.910980491638184,"8.32153855323792"
2018/3/20,23:00:00,0.550600814819336,"6.08778316497803"
2018/3/21,0:00:00,0.396020174026489,"4.49665717124939"
2018/3/21,1:00:00,0.414992418289185,"1.99532271385193"
2018/3/21,2:00:00,0.0699203777313232,"0.847858581542969"
2018/3/21,3:00:00,0.0616046905517578,"0.179794120788574"
2018/3/21,4:00:00,0.0650982761383057,"0.231977195739746"
2018/3/21,5:00:00,0.0825914859771729,"0.373833703994751"
2018/3/21,6:00:00,0.117836427688599,"1.14389097213745"
2018/3/21,7:00:00,0.270049133300781,"2.00467889785767"
2018/3/21,8:00:00,0.29550235748291,"3.14797570228577"
2018/3/21,9:00:00,0.320553789138794,"2.39010872840881"
2018/3/21,10:00:00,0.299836893081665,"2.58128321647644"
2018/3/21,11:00:00,0.161458044052124,"1.25750952720642"
2018/3/21,15:00:00,0.25066478729248,"1.79790420532227"
2018/3/21,16:00:00,0.355985908508301,"3.12267543792725"
2018/3/21,17:00:00,0.251601181030273,"1.4783781337738"
2018/3/21,18:00:00,0.374551792144775,"3.04062070846558"
2018/3/21,19:00:00,0.487718353271484,"4.94538803100586"
2018/3/21,20:00:00,0.761623115539551,"6.73225667953491"
2018/3/21,21:00:00,0.591855812072754,"7.95282151222229"
2018/3/21,22:00:00,0.646955757141113,"5.39443279266357"
2018/3/21,23:00:00,0.712343053817749,"6.72505435943604"
2018/3/22,0:00:00,0.481352243423462,"3.85006706237793"
2018/3/22,1:00:00,0.162027931213379,"2.4249257183075"
2018/3/22,2:00:00,0.0900085926055908,"1.32002899169922"
2018/3/22,3:00:00,0.0613200855255127,"0.803556690216064"
2018/3/22,4:00:00,0.0369865608215332,"0.420496625900269"
2018/3/22,5:00:00,0.0484054946899414,"0.583015298843384"
2018/3/22,6:00:00,0.151525821685791,"1.46105832099915"
2018/3/22,7:00:00,0.235883769989014,"2.13195478439331"
2018/3/22,8:00:00,0.355843448638916,"2.30752267837524"
2018/3/22,9:00:00,0.307164011001587,"2.05768666267395"
2018/3/22,10:00:00,0.342535362243652,"2.36410649299622"
2018/3/22,11:00:00,0.381500825881958,"3.74658340454102"
2018/3/22,12:00:00,0.501588554382324,"4.00384815216064"
2018/3/22,13:00:00,0.368363752365112,"2.95546982765198"
2018/3/22,14:00:00,0.290054588317871,"2.69143383026123"
2018/3/22,15:00:00,0.404865121841431,"2.57568276405334"
2018/3/22,16:00:00,0.404906816482544,"2.80462022781372"
2018/3/22,17:00:00,0.315803804397583,"3.81164940834045"
2018/3/22,18:00:00,0.249433069229126,"2.40244456291199"
2018/3/22,19:00:00,0.439737930297852,"3.52346642494202"
2018/3/22,20:00:00,0.415265979766846,"4.35924243927002"
2018/3/22,21:00:00,0.668265066146851,"5.44569589614868"
2018/3/22,22:00:00,0.526664800643921,"5.88860962867737"
2018/3/22,23:00:00,0.326241502761841,"3.88184770584106"
2018/3/23,0:00:00,0.180890531539917,"1.57326375007629"
2018/3/23,1:00:00,0.0638224792480469,"0.663288774490356"
2018/3/23,2:00:00,0.037768383026123,"0.682875299453735"
2018/3/23,3:00:00,0.127559938430786,"0.636145877838135"
2018/3/23,4:00:00,0.0127382755279541,"0.0630103492736816"
2018/3/23,5:00:00,0.0295702934265137,"0.461566505432129"
2018/3/23,6:00:00,0.0758558940887451,"0.879527225494385"
2018/3/23,7:00:00,0.0994121265411377,"1.5239213848114"
2018/3/23,8:00:00,0.212221384048462,"2.04314095497131"
2018/3/23,9:00:00,0.228254117965698,"1.91778470039368"
2018/3/23,10:00:00,0.284578132629395,"2.18084105491638"
2018/3/23,11:00:00,0.30594331741333,"2.29020183563232"
2018/3/23,12:00:00,0.19641921043396,"1.49475117683411"
2018/3/23,13:00:00,0.180098314285278,"1.49606372833252"
2018/3/23,14:00:00,0.230455875396729,"1.48010431289673"
2018/3/23,15:00:00,0.236573886871338,"1.75204607963562"
2018/3/23,16:00:00,0.241923456192017,"1.94628639221191"
2018/3/23,17:00:00,0.238764495849609,"1.69844565391541"
2018/3/23,18:00:00,0.272821159362793,"2.4996649646759"
2018/3/23,19:00:00,0.338614253997803,"3.58156717300415"
2018/3/23,20:00:00,0.455041885375977,"3.75140341758728"
2018/3/23,21:00:00,0.60209810256958,"5.78429045677185"
2018/3/23,22:00:00,0.48486252784729,"5.13200931549072"
2018/3/23,23:00:00,0.313393058776855,"3.77739531517029"
2018/3/24,0:00:00,0.187527627944946,"2.67545572280884"
2018/3/24,1:00:00,0.16349814414978,"2.29304179191589"
2018/3/24,2:00:00,0.0663664817810059,"0.374868774414063"
2018/3/24,3:00:00,0.0303568077087402,"0.284688215255737"
2018/3/24,4:00:00,0.0301806926727295,"0.41048921585083"
2018/3/24,5:00:00,0.0411827373504639,"0.463285474777222"
2018/3/24,6:00:00,0.0949304008483887,"0.731016607284546"
2018/3/24,7:00:00,0.145963907241821,"1.89035195350647"
2018/3/24,8:00:00,0.215982980728149,"2.23293899536133"
2018/3/24,9:00:00,0.322878723144531,"2.70169930458069"
2018/3/24,10:00:00,0.346133508682251,"2.97576775550842"
2018/3/24,11:00:00,0.481718034744263,"3.12957787513733"
2018/3/24,12:00:00,0.295269193649292,"2.59535266876221"
2018/3/24,13:00:00,0.340763092041016,"3.27990872383118"
2018/3/24,14:00:00,0.354989318847656,"4.64267128944397"
2018/3/24,15:00:00,0.343597040176392,"2.98347908973694"
2018/3/24,16:00:00,0.430289363861084,"3.82393615722656"
2018/3/24,17:00:00,0.32020037651062,"3.23411982536316"
2018/3/24,18:00:00,0.327821369171143,"4.11958965301514"
2018/3/24,19:00:00,0.491320934295654,"4.1699363899231"
2018/3/24,20:00:00,0.509473028182983,"6.4043043422699"
2018/3/24,21:00:00,0.590261793136597,"5.07541020393372"
2018/3/24,22:00:00,0.519419012069702,"5.95755836486816"
2018/3/24,23:00:00,0.217798528671265,"4.05179629325867"
2018/3/25,0:00:00,0.163305168151855,"1.84885341644287"
2018/3/25,1:00:00,0.0647409629821777,"1.12496249198914"
2018/3/25,2:00:00,0.0450571346282959,"1.01810203552246"
2018/3/25,3:00:00,0.0390784931182861,"0.364446334838867"
2018/3/25,4:00:00,0.0547391986846924,"0.70347677230835"
2018/3/25,5:00:00,0.0520739078521729,"0.326923818588257"
2018/3/25,6:00:00,0.0829991912841797,"1.10756971359253"
2018/3/25,7:00:00,0.190289096832275,"1.57070097923279"
2018/3/25,8:00:00,0.275349779129028,"2.53086567878723"
2018/3/25,9:00:00,0.578054208755493,"2.66393612861633"
2018/3/25,10:00:00,0.337891368865967,"3.50767622947693"
2018/3/25,11:00:00,0.347740669250488,"4.39332253456116"
2018/3/25,12:00:00,0.316107778549194,"2.98938237190247"
2018/3/25,13:00:00,0.277711229324341,"2.32679913520813"
2018/3/25,14:00:00,0.331883783340454,"2.95789281845093"
2018/3/25,15:00:00,0.533391332626343,"3.62770632743835"
2018/3/25,16:00:00,0.367000102996826,"2.65406532287598"
2018/3/25,17:00:00,0.509743566513062,"2.46564533233643"
2018/3/25,18:00:00,0.38466178894043,"3.51032386779785"
2018/3/25,19:00:00,0.370445108413696,"4.63026809692383"
2018/3/25,20:00:00,0.41347412109375,"3.54209327697754"
2018/3/25,21:00:00,0.480118379592896,"5.09938000679016"
2018/3/25,22:00:00,0.458545866012573,"5.31973346710205"
2018/3/25,23:00:00,0.321537570953369,"3.49873980522156"
2018/3/26,0:00:00,0.244116067886353,"2.29318557739258"
2018/3/26,1:00:00,0.08698317527771,"1.61335654258728"
2018/3/26,2:00:00,0.0343563842773438,"0.497513294219971"
2018/3/26,3:00:00,0.0167323017120361,"0.265265712738037"
2018/3/26,4:00:00,0.016010103225708,"0.158141641616821"
2018/3/26,5:00:00,0.0481448650360107,"0.418731698989868"
2018/3/26,6:00:00,0.0742525482177734,"0.813102827072144"
2018/3/26,7:00:00,0.115824165344238,"1.23523286819458"
2018/3/26,8:00:00,0.17241530418396,"1.91836752891541"
2018/3/26,9:00:00,0.307724447250366,"2.13551431655884"
2018/3/26,10:00:00,0.305948600769043,"3.39614370346069"
2018/3/26,11:00:00,0.291172685623169,"3.16365635871887"
2018/3/26,12:00:00,0.426448526382446,"4.68953483581543"
2018/3/26,13:00:00,0.28669828414917,"4.16368560791016"
2018/3/26,14:00:00,0.435947198867798,"3.76969729423523"
2018/3/26,15:00:00,0.432235145568848,"3.35490857124329"
2018/3/26,16:00:00,0.329375219345093,"3.23539432525635"
2018/3/26,17:00:00,0.2235413646698,"1.83846431732178"
2018/3/26,18:00:00,0.309488582611084,"2.47539517402649"
2018/3/26,19:00:00,0.353335218429565,"3.00647040367126"
2018/3/26,20:00:00,0.472560501098633,"3.72051248550415"
2018/3/26,21:00:00,0.548584880828857,"5.76709007263184"
2018/3/26,22:00:00,0.714433145523071,"6.30252139091492"
2018/3/26,23:00:00,0.319196100234985,"3.88940135955811"
2018/3/27,0:00:00,0.166556062698364,"1.96400116920471"
2018/3/27,1:00:00,0.0700897026062012,"0.899262886047363"
2018/3/27,2:00:00,0.0656233024597168,"0.498715467453003"
2018/3/27,3:00:00,0.02533371925354,"0.329914073944092"
2018/3/27,4:00:00,0.0240637588500977,"0.141701545715332"
2018/3/27,5:00:00,0.0488594818115234,"0.322657470703125"
2018/3/27,6:00:00,0.0858504295349121,"0.919007234573364"
2018/3/27,7:00:00,0.211795606613159,"1.4134970664978"
2018/3/27,8:00:00,0.225208024978638,"1.54003225326538"
2018/3/27,9:00:00,0.278063793182373,"1.55558813095093"
2018/3/27,10:00:00,0.275004787445068,"2.26141762733459"
2018/3/27,18:00:00,0.360765810012817,"2.97105728149414"
2018/3/27,19:00:00,0.428038949966431,"3.32877326965332"
2018/3/27,20:00:00,0.560773611068726,"4.24821451187134"
2018/3/27,21:00:00,0.459283447265625,"6.74430736541748"
2018/3/27,22:00:00,0.459600219726563,"5.47381175994873"
2018/3/27,23:00:00,0.375918750762939,"3.39331510543823"
2018/3/28,0:00:00,0.141596145629883,"2.01155547142029"
2018/3/28,1:00:00,0.0797543907165527,"0.846374187469482"
2018/3/28,2:00:00,0.0461797714233398,"0.376123008728027"
2018/3/28,3:00:00,0.0404960632324219,"0.335154943466187"
2018/3/28,4:00:00,0.0269623470306396,"0.262997064590454"
2018/3/28,5:00:00,0.04287672996521,"0.48297625541687"
2018/3/28,6:00:00,0.0726328277587891,"0.561407442092896"
2018/3/28,7:00:00,0.139781503677368,"1.67070912361145"
2018/3/28,8:00:00,0.197022857666016,"3.10875239372253"
2018/3/28,9:00:00,0.308202753067017,"3.96730569839478"
2018/3/28,10:00:00,0.274129934310913,"2.52203563690186"
2018/3/28,11:00:00,0.328510303497314,"3.43846095085144"
2018/3/28,12:00:00,0.381161556243896,"2.45507314682007"
2018/3/28,13:00:00,0.30524694442749,"1.92337527275085"
2018/3/28,14:00:00,0.2606187915802,"1.85413156509399"
2018/3/28,15:00:00,0.326518793106079,"3.94058683395386"
2018/3/28,16:00:00,0.217101449966431,"3.16779128074646"
2018/3/28,17:00:00,0.211944580078125,"2.36606282234192"
2018/3/28,18:00:00,0.217791404724121,"2.09192021369934"
2018/3/28,19:00:00,0.247138423919678,"2.62493511199951"
2018/3/28,20:00:00,0.372696847915649,"4.53001150131226"
2018/3/28,21:00:00,0.635565013885498,"4.9929921245575"
2018/3/28,22:00:00,0.473414525985718,"5.36671941757202"
2018/3/28,23:00:00,0.288574743270874,"4.459000415802"
2018/3/29,0:00:00,0.185392646789551,"4.06662260055542"
2018/3/29,1:00:00,0.121568279266357,"1.61472292900085"
2018/3/29,2:00:00,0.0602570056915283,"0.827239007949829"
2018/3/29,3:00:00,0.0421378803253174,"0.664035768508911"
2018/3/29,4:00:00,0.0369435691833496,"0.487621469497681"
2018/3/29,5:00:00,0.0650151443481445,"0.573395709991455"
2018/3/29,6:00:00,0.145676622390747,"1.36153095245361"
2018/3/29,7:00:00,0.191336660385132,"2.11191266059875"
2018/3/29,8:00:00,0.369038200378418,"2.51225255966187"
2018/3/29,9:00:00,0.445113315582275,"1.7390895652771"
2018/3/29,10:00:00,0.316094408035278,"2.0775625038147"
2018/3/29,11:00:00,0.326271171569824,"1.90527802467346"
2018/3/29,12:00:00,0.436012315750122,"2.37658913612366"
2018/3/29,13:00:00,0.329995279312134,"2.40594017982483"
2018/3/29,14:00:00,0.290780220031738,"2.21691489219666"
2018/3/29,15:00:00,0.28516074180603,"2.53911412239075"
2018/3/29,16:00:00,0.265547342300415,"2.65426911354065"
2018/3/29,17:00:00,0.390008926391602,"2.06118274688721"
2018/3/29,18:00:00,0.233482208251953,"2.92845112800598"
2018/3/29,19:00:00,0.460908260345459,"4.26480121612549"
2018/3/29,20:00:00,0.649034194946289,"4.19079086303711"
2018/3/29,21:00:00,0.477863798141479,"4.33094104766846"
2018/3/29,22:00:00,0.521427812576294,"7.48709538459778"
2018/3/29,23:00:00,0.538096179962158,"4.98700899124146"
2018/3/30,0:00:00,0.42678783416748,"2.28769721031189"
2018/3/30,1:00:00,0.133716049194336,"1.36863301277161"
2018/3/30,2:00:00,0.0606812763214111,"0.536689367294312"
2018/3/30,3:00:00,0.0557938575744629,"0.428354396820068"
2018/3/30,4:00:00,0.044641580581665,"0.79055944442749"
2018/3/30,5:00:00,0.101439552307129,"1.70674234390259"
2018/3/30,6:00:00,0.117048845291138,"1.14041708946228"
2018/3/30,7:00:00,0.0991220092773438,"0.947482929229736"
2018/3/30,8:00:00,0.228164691925049,"2.28480277061462"
2018/3/30,9:00:00,0.299029521942139,"1.86716370582581"
2018/3/30,10:00:00,0.209823017120361,"2.05035943031311"
2018/3/30,11:00:00,0.206300945281982,"1.35707822799683"
2018/3/30,12:00:00,0.318515100479126,"2.78171215057373"
2018/3/30,13:00:00,0.394245376586914,"3.33259305000305"
2018/3/30,14:00:00,0.277514905929565,"2.71818114280701"
2018/3/30,15:00:00,0.309688405990601,"2.34721323013306"
2018/3/30,16:00:00,0.282963752746582,"1.95264861106873"
2018/3/30,17:00:00,0.41778995513916,"3.18714214324951"
2018/3/30,18:00:00,0.324814682006836,"3.29297006607056"
2018/3/30,19:00:00,0.548670492172241,"3.84696297645569"
2018/3/30,19:00:00,0.548670492172241,"3.84696297645569"
2018/3/30,20:00:00,0.515053539276123,"4.49654632568359"
2018/3/30,21:00:00,0.625666389465332,"4.39734241485596"
2018/3/30,22:00:00,0.525616207122803,"6.21819714546204"
2018/3/30,23:00:00,0.605934057235718,"8.13196088790894"
2018/3/31,0:00:00,0.306128768920898,"4.62947473526001"
2018/3/31,1:00:00,0.336594619750977,"2.03296318054199"
2018/3/31,2:00:00,0.115790395736694,"0.479792127609253"
2018/3/31,3:00:00,0.147738389968872,"0.389194097518921"
2018/3/31,4:00:00,0.0642215156555176,"0.71489221572876"
2018/3/31,5:00:00,0.0869226932525635,"0.858166103363037"
2018/3/31,6:00:00,0.180806875228882,"0.920985479354858"
2018/3/31,7:00:00,0.220771808624268,"2.14216825485229"
2018/3/31,8:00:00,0.400176706314087,"2.69049344062805"
2018/3/31,9:00:00,0.379915266036987,"2.82322461128235"
2018/3/31,10:00:00,0.352605018615723,"2.84519523620605"
2018/3/31,11:00:00,0.379048194885254,"2.40873470306396"
2018/3/31,12:00:00,0.320186214447021,"3.90498073577881"
2018/3/31,13:00:00,0.334657726287842,"2.84731418609619"
2018/3/31,14:00:00,0.409240436553955,"3.6671192741394"
2018/3/31,15:00:00,0.385972909927368,"4.04025311470032"
2018/3/31,16:00:00,0.343873014450073,"3.58190451622009"
2018/3/31,17:00:00,0.360243139266968,"2.80877033233643"
2018/3/31,18:00:00,0.40644495010376,"2.91628997802734"
2018/3/31,19:00:00,0.487705574035645,"4.92879865646362"
2018/3/31,20:00:00,0.42170449256897,"4.55430588722229"
2018/3/31,21:00:00,0.52977463722229,"5.14145270347595"
2018/3/31,22:00:00,0.729392251968384,"6.46066571235657"
2018/3/31,23:00:00,0.475725955963135,"4.41220722198486"
018-04-01,00:00:0,.279489755630493164062,".4566192245483398437"
018-04-01,01:00:0,.2107648849487304687,".704965677261352539062"
018-04-01,02:00:0,.256910696029663085937,".656634969711303710937"
018-04-01,03:00:0,.2155932998657226562,".34777664184570312"
018-04-01,04:00:0,.051208391189575195312,".588973817825317382812"
018-04-01,05:00:0,.072337865829467773437,".322300462722778320312"
018-04-01,06:00:0,.1258423995971679687,".811252527236938476562"
018-04-01,07:00:0,.15548757553100585937,".01572053909301757812"
018-04-01,08:00:0,.33219614028930664062,".6064412307739257812"
018-04-01,09:00:0,.555504541397094726562,".739267854690551757812"
018-04-01,10:00:0,.358921384811401367187,".7534628295898437"
018-04-01,11:00:0,.40951333999633789062,".6725631713867187"
018-04-01,12:00:0,.357297601699829101562,".486085748672485351562"
018-04-01,13:00:0,.318965845108032226562,".4474070358276367187"
018-04-01,14:00:0,.4291958618164062,".28243703842163085937"
018-04-01,15:00:0,.446606550216674804687,".51698331832885742187"
018-04-01,16:00:0,.15357938766479492187,".1065391921997070312"
018-04-01,17:00:0,.48936904907226562,".9650890731811523437"
018-04-01,18:00:0,.415434188842773437,".58818086624145507812"
018-04-01,19:00:0,.366866865158081054687,".525254392623901367187"
018-04-01,20:00:0,.422021408081054687,".59681961059570312"
018-04-01,21:00:0,.631805009841918945312,".504754819869995117187"
018-04-01,22:00:0,.649813280105590820312,".118069124221801757812"
018-04-01,23:00:0,.366740293502807617187,".453799219131469726562"
018-04-02,00:00:0,.43928087234497070312,".9484067916870117187"
018-04-02,01:00:0,.1057336044311523437,".2276959609985351562"
018-04-02,02:00:0,.0842305374145507812,".81254898071289062"
018-04-02,03:00:0,.0929505538940429687,".2325165939331054687"
018-04-02,04:00:0,.079306783676147460937,".2364252090454101562"
018-04-02,05:00:0,.14727296829223632812,".370708665847778320312"
018-04-02,06:00:0,.145247259140014648437,".89777372360229492187"
018-04-02,07:00:0,.16916875839233398437,".27265409469604492187"
018-04-02,08:00:0,.26152311325073242187,".63891263961791992187"
018-04-02,09:00:0,.389062414169311523437,".059822587966918945312"
018-04-02,10:00:0,.3715328979492187,".691287736892700195312"
018-04-02,11:00:0,.32467069625854492187,".41761701583862304687"
018-04-02,12:00:0,.389290876388549804687,".877771577835083007812"
018-04-02,13:00:0,.32060903549194335937,".02305101394653320312"
018-04-02,14:00:0,.3253047561645507812,".620377378463745117187"
018-04-02,15:00:0,.292089147567749023437,".57500066757202148437"
018-04-02,16:00:0,.27113893508911132812,".853266220092773437"
018-04-02,17:00:0,.2956241226196289062,".63599462509155273437"
018-04-02,18:00:0,.41549089431762695312,".50766601562"
018-04-02,19:00:0,.407881231307983398437,".398752641677856445312"
018-04-02,20:00:0,.61957929611206054687,".991046628952026367187"
018-04-02,21:00:0,.6477020645141601562,".432200517654418945312"
018-04-02,22:00:0,.879161300659179687,".49799512863159179687"
018-04-02,23:00:0,.512347269058227539062,".837707414627075195312"
018-04-03,00:00:0,.27344312667846679687,".5695689773559570312"
018-04-03,01:00:0,.068074750900268554687,".329759511947631835937"
018-04-03,02:00:0,.194439573287963867187,".8914036178588867187"
018-04-03,03:00:0,.189506158828735351562,".60169038772583007812"
018-04-03,04:00:0,.045345983505249023437,".51559465408325195312"
018-04-03,05:00:0,.09948789596557617187,".322141799926757812"
018-04-03,06:00:0,.119743776321411132812,".94425840377807617187"
018-04-03,07:00:0,.151255874633789062,".27351366043090820312"
018-04-03,08:00:0,.23503694534301757812,".96053129196166992187"
018-04-03,09:00:0,.342015829086303710937,".58296064376831054687"
018-04-03,10:00:0,.275600347518920898437,".8228552627563476562"
018-04-03,11:00:0,.3277855300903320312,".91982809066772460937"
018-04-03,12:00:0,.3472835159301757812,".40166971206665039062"
018-04-03,13:00:0,.347467241287231445312,".081848363876342773437"
018-04-03,14:00:0,.2736827468872070312,".9575120162963867187"
018-04-03,15:00:0,.30876283645629882812,".804800558090209960937"
018-04-03,16:00:0,.2204065322875976562,".486202573776245117187"
018-04-03,17:00:0,.33811311721801757812,".69668584823608398437"
018-04-03,18:00:0,.220295839309692382812,".2642228317260742187"
018-04-03,19:00:0,.49281583786010742187,".51222696304321289062"
018-04-03,20:00:0,.48742090225219726562,".55402536392211914062"
018-04-03,21:00:0,.37818277359008789062,".939001417160034179687"
018-04-03,22:00:0,.36509473800659179687,".413586225509643554687"
018-04-03,23:00:0,.3217811965942382812,".99516159057617187"
018-04-04,00:00:0,.22098373413085937,".932243375778198242187"
018-04-04,01:00:0,.169239492416381835937,".713334512710571289062"
018-04-04,02:00:0,.075489034652709960937,".661688470840454101562"
018-04-04,03:00:0,.058526000976562,".944631166458129882812"
018-04-04,04:00:0,.075040197372436523437,".817252168655395507812"
018-04-04,05:00:0,.075492029190063476562,".461619710922241210937"
018-04-04,06:00:0,.10317663192749023437,".6419192504882812"
018-04-04,07:00:0,.169106187820434570312,".1325891494750976562"
018-04-04,08:00:0,.234790639877319335937,".233464040756225585937"
018-04-04,09:00:0,.267317733764648437,".33891088485717773437"
018-04-04,10:00:0,.3068439865112304687,".248932542800903320312"
018-04-04,11:00:0,.288707551956176757812,".567597475051879882812"
018-04-04,12:00:0,.32624311447143554687,".14344873428344726562"
018-04-04,13:00:0,.26398893356323242187,".592103090286254882812"
018-04-04,14:00:0,.1701217651367187,".1816083908081054687"
018-04-04,15:00:0,.2420740890502929687,".725839166641235351562"
018-04-04,16:00:0,.240045194625854492187,".576049566268920898437"
018-04-04,17:00:0,.368556594848632812,".02390192031860351562"
018-04-04,18:00:0,.220290288925170898437,".79766237258911132812"
